name,location,price,capacity,rating,reviews,description
Park Tavern: The Piedmont Room & Piedmont Garden Tent,"Atlanta, GA",$$,251-300 Guests,4.7,132,"Located in the heart of the city overlooking Piedmont Park, our venues celebrate what Atlanta is all about: city skylines tucked in among the trees and seasonal colors."
Atlanta Botanical Garden,"Atlanta, GA",$$$,151-200 Guests,4.7,21,"The Atlanta Botanical Garden is a versatile indoor/outdoor wedding venue in Atlanta, GA, offering lush lawns, verdant tropical foliage."
Wahoo! Grill,"Decatur, GA",$$,201-250 Guests,5,101,"Book your wedding, wedding reception or rehearsal dinner at Wahoo! and you can relax, enjoy and leave the rest to our outstanding staff."
Monday Night Brewing: The Garage,Metro Atlanta,$$,300+ Guests,4.9,14,"Monday Night Garage is one of Atlanta’s most charming and inviting private event spaces with high ceilings, ample natural light, historic charm."
Factory Atlanta,"Atlanta, GA",$$$,300+ Guests,5,6,Factory Atlanta is a versatile wedding venue perfect for couples who love to get creative with industrial-meets-chic aesthetics.
The Kimpton Shane,"Atlanta, GA",$$$,51-100 Guests,0,0,"The Kimpton Shane is a boutique hotel venue in Atlanta, GA, specializing in weddings and events with stunning architecture and stylish furnishings."
Ambient + Studio,"Atlanta, GA",$$,251-300 Guests,4.4,9,"Ambient + Studio in Atlanta, GA, is a unique wedding venue built in 1910, offering a historic and charming space for events."
Journeyman's Hall,"Atlanta, GA",$$,151-200 Guests,5,4,"Journeyman's Hall is a wedding venue located in South Downtown Atlanta, GA, led by owner Chef Vincent Marra."
FORTH Hotel Atlanta,"Atlanta, GA",$$$$,201-250 Guests,0,0,FORTH Hotel Atlanta is a deluxe wedding venue in the trendy Old Fourth Ward neighborhood with an elegant ballroom and state-of-the-art facilities.
Ecco Buckhead,"Atlanta, GA",$$$,300+ Guests,0,0,"From weddings to rehearsal dinners, Ecco Buckhead is an enchanting and elegant restaurant wedding venue in Atlanta, GA."
Emory Conference Center Hotel,"Atlanta, GA",$$,300+ Guests,4.8,41,"Emory Conference Center Hotel is an elegant venue situated in Atlanta, GA, offering versatility and unique surroundings in a convenient location."
The Wimbish House,"Atlanta, GA",$$,201-250 Guests,4.9,85,"The Wimbish House has been the destination for weddings and events for nearly a century, known as ‘The Light on Peachtree.’"
Historic DeKalb Courthouse,"Decatur, GA",$$,101-150 Guests,4.9,93,"Wow your guests in the Historic DeKalb Courthouse, a premier wedding venue in the heart of charming Decatur with elegant white marble and 20-foot ceilings."
Rhodes Hall,"Atlanta, GA",$$,101-150 Guests,4.5,21,"Rhodes Hall is a mansion and wedding venue located in Atlanta, GA, known as the 'Castle on Peachtree.'"
Callanwolde Fine Arts Center,"Atlanta, GA",$$$,151-200 Guests,4.6,38,"Callanwolde Fine Arts Center is a unique wedding venue in Atlanta, GA, with a century-long legacy and sprawling 27,000-square-foot estate."
The Westside Warehouse,"Atlanta, GA",$$,151-200 Guests,5,37,"The Westside Warehouse is a converted warehouse with soaring cathedral ceilings, located in Atlanta’s west-midtown creative district."
42West Entertainment Group,"Atlanta, GA",$$$,251-300 Guests,5,6,42West Entertainment Group offers a distinct blend of industrial modernity and refined elegance in West Atlanta.
SCAD Ivy Hall,"Atlanta, GA",$$,101-150 Guests,4.5,4,"SCAD Ivy Hall is a historic wedding venue situated in Atlanta, GA, originally constructed in 1883."
Epicurean Hotel Atlanta,"Atlanta, GA",$$$,101-150 Guests,5,3,"Epicurean Hotel Atlanta is a luxe and lavish wedding venue in Atlanta, GA, inspired by sleek modern architecture."
Waldorf Astoria Atlanta Buckhead,"Atlanta, GA",$$$$,51-100 Guests,4.9,7,Waldorf Astoria Atlanta Buckhead combines luxury and Southern charm in one of Atlanta’s most prestigious neighborhoods.
Omni Atlanta Hotel at Centennial Park,"Atlanta, GA",,300+ Guests,5,8,"Omni Atlanta Hotel at CNN Center is the perfect Atlanta, GA, wedding venue with hotel banquet and catering services."
Intercontinental Buckhead Atlanta,"Atlanta, GA",$$$,300+ Guests,5,8,"InterContinental Buckhead Atlanta combines classic charm with modern luxury, designed to enhance relaxation and inspire awe."
THE TROLLEY BARN,"Atlanta, GA",$$,201-250 Guests,4.2,41,"This 1889 structure features hardwood floors, a patio, garden area, two getting ready suites, a warming kitchen, and is fully climate controlled."
Hotel Colee,"Atlanta, GA",$$$,251-300 Guests,0,0,"Hotel Colee is an award-winning hotel in Atlanta, GA, perfect for hosting celebrations with its elegant spaces."
Grand Hyatt Atlanta in Buckhead,"Atlanta, GA",$$$,300+ Guests,5,4,Grand Hyatt Atlanta in Buckhead is an urban retreat offering convenience and comfort in the heart of Atlanta and Buckhead.
Wrecking Bar Brewpub,"Atlanta, GA",$$,201-250 Guests,5,9,"The Marianna at Wrecking Bar Brewpub is a historic mansion wedding venue in Atlanta, GA, with Victorian-era architecture."
Renaissance Concourse Atlanta Airport Hotel,"Atlanta, GA",$$$,300+ Guests,0,0,"Renaissance Concourse Atlanta Airport Hotel is an elegant wedding venue combining luxury and convenience in Atlanta, GA."
Swan Coach House,"Atlanta, GA",$$,101-150 Guests,5,7,"Swan Coach House is an elegant wedding venue in Atlanta, GA, originally part of Atlanta’s famed Inman family estate."
Enon Ranch,"Atlanta, GA",$$,251-300 Guests,5,2,"Enon Ranch is a beautiful wedding venue in Atlanta, GA, offering a rustic event space with countryside charm."
Pristine Chapel Lakeside,"Jonesboro, GA",$$,251-300 Guests,4.8,103,"Pristine Chapel Lakeside is a luxe ceremony and reception venue in Jonesboro, GA, offering sweeping views of the surrounding landscape."
The Atrium,"Norcross, GA",$$,101-150 Guests,4.9,151,"The Atrium is a contemporary wedding venue situated on a magnificent garden property in Norcross, GA. The Atrium's soaring neo-classical design features a mezzanine level overlooking a two-story glass."
Brick and Ivey,"Marietta, GA",$$,151-200 Guests,5,109,"Brick and Ivey is North Atlanta's newest wedding venue situated in Marietta, GA. With exposed all white brick walls, two bridal suites, an entire separate event space for cocktail hour, after parties."
Vecoma At The Yellow River,"Snellville, GA",$$,251-300 Guests,4.9,200,Discover Vecoma at the Yellow River – Atlanta’s Premier All-Inclusive Wedding Venue Nestled on 70 acres of lush forest along the scenic Yellow River.
Kimball Hall,"Roswell, GA",$$,151-200 Guests,5,164,"Part of the Little River Farms venue group; this newly refurnished and renovated venue seats up to 200 guests, with indoor and outdoor ceremony sites, a brand new outdoor courtyard and plenty of mingling space."
Stanley House Mansion,"Marietta, GA",$$,101-150 Guests,5,49,"Perched in Marietta, GA, Stanley House Mansion is a stunning wedding venue for any couple’s exquisite celebrations. Dating back to the late 19th century, this property exudes history, classic Southern charm."
Primrose Cottage,"Roswell, GA",$$,300+ Guests,4.9,273,"Primrose Cottage is an enchanting wedding venue located in Roswell, GA. This idyllic three-story home is situated on a stately front lawn in Historic Roswell, essentially hidden from the hustle and bustle of the city."
Little Gardens,"Lawrenceville, GA",$$,251-300 Guests,4.9,215,"Little Gardens in Lawrenceville, GA is a serene wedding venue with indoor and outdoor spaces. Featuring a manor house and lavish, green grounds, this estate provides couples with an enchanting retreat."
Flint Hill,"Norcross, GA",$$,251-300 Guests,4.8,205,"Flint Hill is a beautifully restored historic mansion located on a private estate in Norcross, GA. Featuring recently renovated farmhouse décor, a beautiful covered pavilion, landscaped grounds."
Country Club of Roswell,"Roswell, GA",$$,201-250 Guests,4.7,23,"We are so excited for all of our newly engaged couples! Whether you want an intimate celebration with less than 50 guests or a larger scaled reception with over 200 guests, Country Club of Roswell is."
Naylor Hall,"Roswell, GA",$$,201-250 Guests,5,173,"Naylor Hall began life 170 years ago, but only recently did Sunny Bailey bring it into the 21st century with a complete makeover. Nipped and tucked in just the right places, this grand old dame is."
Olde Towne Special Events,"Atlanta, GA",$$,251-300 Guests,5,66,Olde Towne Special Events is a full-service events facility that hosts weddings and other milestone occasions. You and your loved ones can look forward to wedding festivities with a backdrop of style.
Roswell Historic Hall,"Roswell, GA",$$,300+ Guests,4.3,49,"Roswell Historic Hall is a romantic wedding venue located in Roswell, GA. We offer Weddings, Graduations, Birthday Parties, Corporate Events, Holiday Parties, Mitzvahs, Workshops, Prom, Fundraisers, R."
Ivy Hall,"Roswell, GA",$$$,201-250 Guests,4.9,89,"The Roswell Mill is a unique and cherished piece of Southern history. Originally built by Roswell King, it was destroyed in the Civil War and rebuilt in 1882. We are proud to have been a part of bringing."
Huntcliff River Club,Atlanta Area,$$,101-150 Guests,4.9,30,"The Huntcliff River Club is a wedding and reception venue located in Atlanta, GA. It is surrounded by century-old river oaks, manicured lawns, and situated near the Chattahoochee River. This charming."
Glover Park Brewery,"Marietta, GA",,,0,0,"Glover Park Brewery is a wedding venue located in Marietta, GA."
The Foxglove,"Marietta, GA",$$,300+ Guests,5,3,"The Foxglove is a characterful venue welcoming weddings in Marietta, GA. The property is part of the city’s fabric and lies at the heart of its historic district. Run by a local family, the proprietor."
Roswell Mill Club,"Roswell, GA",$$,151-200 Guests,4.8,41,"Roswell Mill is a unique and cherished piece of Southern history. Originally built by Roswell King, it was destroyed in the Civil War and rebuilt in 1882. We are proud to have been a part of bringing."
The 173 Carlyle House,"Norcross, GA",$$,300+ Guests,4.9,110,"Located in Norcross, GA, 173 Carlyle House is a beautiful turn-of-the-century mansion. With elegant, spacious rooms and two acres of perfectly manicured grounds, it makes a perfect wedding venue. Sit."
Whitestone Reserve,"Austell, GA",$$,101-150 Guests,5,21,"Whitestone Reserve is a stunning new metro Atlanta wedding venue featuring gorgeous chandeliers, lots of natural lighting, light neutral color tones throughout and is surrounded by tranquil, picturesque."
Brumby Hall & Gardens,"Marietta, GA",$$,151-200 Guests,4,2,"Brumby Hall & Gardens is a historic wedding venue in Marietta, GA. Built in 1851, the property is now home to the Marietta Gone with the Wind Museum. The house is surrounded by meticulously kept gardens."
Chattahoochee Nature Center,"Roswell, GA",$$,151-200 Guests,4.9,39,"Our Mission is to connect people with Nature. Chattahoochee Nature Center is a wedding venue nestled in Roswell, GA. This location allows happy couples and their loved ones to bask in the natural beauty."
Eden Garden House,"Atlanta, GA",$$$,151-200 Guests,0,0,"Eden Garden House is a beautiful wedding venue in Lithonia, GA. We have owned Eden Event Hall for over 11 Years. Our garden house facility is made for your special event and has undergone many renovations."
The Reserves at Hamilton Homes,"Mableton, GA",$$$,101-150 Guests,5,1,"The Reserves at Hamilton Homes is a wedding venue located in beautiful Mableton, GA, just 20 minutes from Atlanta. Its gorgeous sunset views, timeless interiors, and sweeping spiral staircase create."
Westin Atlanta Airport,"Atlanta, GA",,300+ Guests,4,4,"The Westin Atlanta Airport is a wedding venue located in Atlanta, GA. A short shuttle ride away from Hartsfield-Jackson International Airport, this hotel offers convenient access for out-of-town guests."
Ashton Gardens Atlanta by Walters Wedding Estates,"Sugar Hill, GA",$$$,251-300 Guests,4.8,553,"Ashton Gardens is the Atlanta area’s premier wedding venue, located in the heart of Georgia for a perfect blend of city convenience and serene landscapes. Our signature glass chapel, surrounded by lush gardens."
Conservatory at Waterstone,"Acworth, GA",$$,201-250 Guests,4.9,103,"Located in Acworth, GA, Conservatory at Waterstone is a historic banquet hall wedding venue with a dedicated staff and crew. This full-service destination offers all-inclusive solutions for clients."
The Cotton Gin at Mill Creek,"Hiram, GA",$$,151-200 Guests,5,97,Truly All-Inclusive Wedding Venue - We pride ourselves on offering a proven planning experience and our no-fee guarantee that is unmatched in the Atlanta market. Are you a busy couple that is overwhelmed.
Little River Farms,"Alpharetta, GA",$$,201-250 Guests,4.9,190,"Little River Farms is a wedding venue in Alpharetta, GA. Located just 30 minutes away from downtown Atlanta, this setting acts as a peaceful retreat away from the hustle and bustle of the city. Each day."
The Wildflower Barn at Little River Farms,"Alpharetta, GA",$,101-150 Guests,5,82,"The Wildflower Barn at Little River is a historic, family owned barn that has been renovated to accommodate weddings and special events. Our all white painted barn features distressed white brick walls."
SomeTheme Weddings & Events,Metro Atlanta and Surrounding Areas,$$$,51-100 Guests,5,8,Looking to forego the rustic barn or industrial warehouse feel? Our venue exudes timeless elegance without feeling stuffy or outdated. Highlights below: WINDOWS Our venue boasts 11 ft windows with e.
Venue 92,"Woodstock, GA",$$,151-200 Guests,4.9,89,"An outdoor event space that can accommodate various wedding visions, from romantic gardens to neon-lit parties."
Payne Corley House,"Duluth, GA",$$,151-200 Guests,5,190,A restored farmhouse offering a tranquil retreat for wedding celebrations.
Foxhall Resort,"Douglasville, GA",$$$,201-250 Guests,4.2,63,"A picturesque wedding venue providing a full weekend experience on 1,100 acres of countryside."
TPC Sugarloaf,"Duluth, GA",$$$,201-250 Guests,5,36,An elegant wedding venue with a clubhouse overlooking a championship golf course.
The Grande At Kennesaw,"Kennesaw, GA",$$,201-250 Guests,4,10,A charming Victorian-style farmhouse with landscaped gardens for a romantic backdrop.
Douglasville Conference Center,"Douglasville, GA",$$,300+ Guests,3,1,A wedding venue with elegant spaces and a downtown location for exciting events.
Governors Towne Club,"Acworth, GA",$$,201-250 Guests,4.2,13,An elegant event venue with a golf course and sophisticated spaces near Atlanta.
Atlanta Cosmopolitan Event Center,"Douglasville, GA",$$,300+ Guests,0,0,A wedding venue offering everything needed for a dream wedding event.
Vines Mansion & Gardens,"Loganville, GA",$$,300+ Guests,4.6,31,A venue with an open vendor policy allowing couples to bring their own services.
Cherry Hollow Farm,"Chattahoochee Hills, GA",$$,151-200 Guests,5,6,A unique indoor/outdoor wedding venue with multiple amenities for celebrations.
Hazlehurst House,"McDonough, GA",$$,251-300 Guests,4.8,54,A wedding venue on three acres of private land for intimate celebrations.
Hilton Alpharetta Atlanta,"Alpharetta, GA",$$,251-300 Guests,5,1,A new full-service hotel offering modern wedding spaces.
Kite Manor Events & Studio,"Fayetteville, GA",$$$,51-100 Guests,0,0,A unique venue with modern indoor and rustic outdoor spaces.
Genesis Ballroom,"Suwanee, GA",$$,251-300 Guests,0,0,An opulent wedding venue blending elegance and industrial styles.
Atlanta Marriott Alpharetta,"Alpharetta, GA",$$,300+ Guests,5,2,A luxurious hotel venue for sophisticated wedding events.
Breckinridge Banquet Hall,"Duluth, GA",$$,101-150 Guests,4.8,27,An upscale venue for memorable wedding celebrations.
St Ives Country Club,"Johns Creek, GA",$$$,201-250 Guests,4.7,14,A stunning country club with a clubhouse on a high point overlooking the area.
The Wheeler House and Barn,"Ball Ground, GA",$$,251-300 Guests,4.9,118,A rustic barn wedding venue with Southern charm for countryside celebrations.
Carl House,"Auburn, GA",$$$,201-250 Guests,4.8,185,A historic home offering elegant wedding celebrations with beautiful grounds.
In The Woods,"Rockmart, GA",$$$,201-250 Guests,5,23,"A state-of-the-art wedding venue on a secluded, family-owned property."
Koury Farms Weddings & Events,"Auburn, GA",$$,151-200 Guests,5,112,A unique venue offering detailed planning and execution for wedding events.
Vinewood Stables,"Newnan, GA",$$$,201-250 Guests,4.9,88,A historic homestead with a farmhouse as its centerpiece for weddings.
Lillian Gardens,"Newnan, GA",$$$,151-200 Guests,5,37,A full-service event venue with a mansion and gardens for unique experiences.
Lanier Islands Weddings,"Buford, GA",$$$,300+ Guests,4.7,170,A venue offering breathtaking backdrops and various amenities for weddings.
The Venue at Stillwater Pond,"Temple, GA",$$,151-200 Guests,0,0,A stunning venue on 53 acres with views of forestry and green pastures.
The Engine Room,"Monroe, GA",$,300+ Guests,4.9,32,A unique wedding venue offering historical elegance with modern convenience.
Bradford House and Gardens,"Flowery Branch, GA",$$,101-150 Guests,5,42,A classic Southern home on seven acres near Lake Lanier for all-inclusive weddings.
Four Oaks Manor,"Buford, GA",$$,101-150 Guests,4.7,50,A historic farmhouse for garden weddings and events.
The Gathering at Golden Creek,"Bremen, GA",$$$,201-250 Guests,0,0,A wedding venue on 23 acres with multiple event spaces for celebrations.
Mystic Acres Barn,"Griffin, GA",$$,251-300 Guests,0,0,A beautiful barn venue brought to life from a family's dream for their daughter's wedding.
Hi-Def Events,GA,$$,251-300 Guests,5,11,"Aren't you tired of the same old tired weddings? Hi-Def Events offers dazzling, modern, yet timeless event venue settings, ideal for your unique style!"
Cherokee County Conference Center @ The Bluffs,"Canton, GA",,251-300 Guests,5,3,"Over 8,000 sq ft of conference space, Four configurable conference floor areas, Sutali Room (75 Dining Seats), Warluskee Room (150 Dining Seats), Sequoyah Room (275 Dining Seats), Advanced technology."
Fendley Farmstead LLC,"Canton, GA",$$,151-200 Guests,5,114,"Fendley Farmstead, LLC is a picturesque farm wedding venue located in Canton, GA."
"The Venue at Sharp Mountain, LLC","Jasper, GA",$$$,251-300 Guests,5,55,"Voted The Knot Best of Weddings, WeddingWire Couples' Choice, and Georgia Business Journal Best of Regional winner."
The Farm At Rivers Edge,"Dawsonville, GA",$$,51-100 Guests,5,11,"Nestled in the heart of Dawsonville, GA, The Farm at River’s Edge is the perfect destination for an unforgettable river wedding."
The Willows Farm,"Marble Hill, GA",$$,201-250 Guests,5,98,"Located in Marble Hill, GA, The Willows Farm is a country event venue that hosts weddings and other special occasions."
Sage Cottage,"Adairsville, GA",$$,151-200 Guests,4.6,11,Where Cozy Cottage Charm Meets Timeless Elegance.
The Georgia Club,"Statham, GA",$$$,251-300 Guests,4.8,5,"The Georgia Club is a one-of-a-kind wedding venue in Statham, GA."
Beautiful Beginnings Farm,"Newborn, GA",$,101-150 Guests,5,135,Hello everyone. We are pleased to introduce ourselves to you.
Swan Lake Overlook,"Dawsonville, GA",$$$,251-300 Guests,5,11,"Nestled in the countryside of Dawsonville, GA, Swan Lake Overlook is a modern and elegant wedding venue."
Hightower Falls,"Cedartown, GA",$$,251-300 Guests,4.9,92,Always dreamed of a waterfall wedding?
The Tate House,"Tate, GA",$$$,201-250 Guests,4.9,35,"The Tate House is a historic wedding venue situated in Tate, GA."
Gaither's at Myrtle Creek Farm,"Covington, GA",$$,151-200 Guests,5,3,"Located in the rolling hills of Covington, GA."
Barn South,"Talmo, GA",,201-250 Guests,5,11,Welcome to Barn South. We think you'll feel at home here.
Autumn Oaks of Winder,"Winder, GA",$$,101-150 Guests,5,2,"In the heart of Winder, GA, sits a charming wedding venue."
Spring Lake Events,"Rockmart, GA",$$,151-200 Guests,5,20,The calm waters of our beautiful lake and the wispy willow trees framed in cattails will take your breath away.
"Thompson House & Gardens, 9 Oaks Farm, & 2425 Warehouse","Bogart, GA",$$,151-200 Guests,4.9,68,We offer three beautiful venues: The Thompson House and Gardens which is a stunning vintage Victorian home built in 1888.
Magnolia Creek Farms,"Adairsville, GA",$$$,300+ Guests,5,5,"Located in Adairsville, GA, Magnolia Creek Farms is a countryside setting ideal for weddings and special occasions."
The Sixty Two,"Atlanta, GA",$$,151-200 Guests,5,2,"The Sixty Two is a unique wedding venue in Atlanta, GA."
Juliette Chapel,"Dahlonega, GA",$$,51-100 Guests,5,36,"Juliette Chapel & Events in Dahlonega, GA is a wedding venue ideal for intimate affairs."
2400 On The River,"Ranger, GA",$$$,201-250 Guests,4.9,35,"2400 On The River is a rustic riverfront wedding venue located near Calhoun, GA."
The Chapel Athens,"Athens, GA",$$$,251-300 Guests,5,17,"Situated in Athens, GA, The Chapel Athens is a pristine downtown estate for weddings, engagements, and anniversaries."
1051 Baxter,"Athens, GA",$$,251-300 Guests,5,1,"1051 Baxter is a brand new events facility in the heart of Athens, GA."
"Bogle Farm, LLC","Greenville, GA",$$$,251-300 Guests,4.9,46,"Located in Greenville, GA, Bogle Farm, LLC is an award willing, idyllic wedding venue."
Falling Waters Mountain Lodge,"Ellijay, GA",$,0-50 Guests,5,1,"Falling Waters Mountain Lodge in Ellijay, GA is a rural retreat and wedding venue."
Summit Farm Weddings,"Ellijay, GA",$$,101-150 Guests,4.9,117,"Up in the serene Blue Ridge Mountains of Ellijay, GA, sits Summit Farm Weddings, an enchanting countryside event venue."
Ott Vineyards and Winery,"Ellijay, GA",,,0,0,"Located in Ellijay, GA, Ott Vineyards and Winery is a family-owned-and-operated venue for weddings and other special events."
27 on Park,"Dahlonega, GA",$$$,51-100 Guests,5,3,"27 on Park is a boutique hotel and wedding venue located in downtown Dahlonega, GA."
255 Milledge | Hardeman-Sams Estate,"Athens, GA",$$$,151-200 Guests,4.9,118,"At 255 Milledge, we believe that life’s greatest moments deserve nothing less than extraordinary celebrations."
Georgian Hall,"Athens, GA",$$$,201-250 Guests,5,103,"The Georgian Hall is a wedding venue nestled in Athens, GA."
Strawberry Roan Farm's Barn,"Dahlonega, GA",$$,101-150 Guests,5,1,"A stunning and unique wedding venue located in Dahlonega, GA, perfect for beginning your marriage journey."
Ivy & Oak,"Talking Rock, GA",$$,151-200 Guests,5,35,A breathtaking venue nestled in the North Georgia mountains with a chic and elegant design.
The Lodge at Taylor Estate,"Rome, GA",$$$$,Up to 350 Guests,5,2,"A newly-built, elegant venue with bi-fold doors offering breathtaking views."
The Venue on Broad,"Athens, GA",$$,201-250 Guests,5,4,A unique venue fusing an old New Orleans vibe with industrial architecture.
The Falls at Blue Ridge,"Blue Ridge, GA",$$$$,251-300 Guests,4.3,4,A stunning wedding venue offering breathtaking views and rustic-luxury spaces.
CeNita Venue at CeNita Vineyards & Winery,"Cleveland, GA",$$,151-200 Guests,5,73,"A wedding venue overlooking vineyards and winery, nestled in the Northeast Georgia Mountains."
Cloverleaf Farm,"Arnoldsville, GA",$$,300+ Guests,4.9,72,A stunning farm venue with unexpected furnishings and incredible surroundings.
The Farm at Ashley Ridge,"Cleveland, GA",$$,151-200 Guests,5,12,A serene countryside wedding venue immersed in natural beauty.
Grant Hill Farms,"Commerce, GA",$$,201-250 Guests,5,70,A peaceful farmland venue perfect for weddings and special events.
Yonah Mountain Vineyards,"Cleveland, GA",$$$,201-250 Guests,4.9,49,A charming vineyard offering indoor and outdoor event spaces for a romantic wedding.
South Elm Events,"Commerce, GA",$$,101-150 Guests,5,3,A venue offering a fairytale-like setting for weddings and celebrations.
Enotah Valley Event Center,"Blairsville, GA",$$,51-100 Guests,5,5,A rustic setting for weddings with a personal touch from the owners.
McEachin Farm,"Danielsville, GA",$$,101-150 Guests,5,2,A stunning wedding venue that sets the stage for the celebration of a lifetime.
Butler Hall Events,"Gray, GA",$$,201-250 Guests,5,1,A historic wedding venue with a modern event facility.
Brasstown Valley Resort & Spa,"Young Harris, GA",$$$,151-200 Guests,4.9,79,A resort offering breathtaking mountain views and various amenities for weddings.
Walnut Hill Farm,"Dalton, GA",$$,300+ Guests,4.8,16,A venue offering classic Southern elegance with majestic mountain views.
Overlook 55,"Young Harris, GA",$$$$,151-200 Guests,5,7,A captivating venue blending rustic charm with timeless elegance.
The Barn at Young Harris,"Young Harris, GA",$$$,151-200 Guests,5,42,A dream setting with panoramic views of Brasstown Bald Mountain.
Bend of The River,"Hiawassee, GA",$$,300+ Guests,0,0,A tranquil wedding venue on Lake Chatuge with natural beauty.
The Estate at Stone Creek,"Macon, GA",$$,201-250 Guests,4.8,5,A historic venue with beautiful landscapes for weddings.
Currahee Club,"Toccoa, GA",$$$,101-150 Guests,5,10,A venue offering serene lake and mountain views with rustic charm.
Rustic Vows,"Mineral Bluff, GA",$$,51-100 Guests,0,0,An idyllic barn-style setting for bespoke wedding events.
The Ridges Resort on Lake Chatuge,"Hiawassee, GA",$$$,201-250 Guests,4.9,46,A lakeside mountain resort with a grand ballroom for weddings.
Lake Rabun Hotel & Restaurant,"Lakemont, GA",$$,101-150 Guests,4.9,2,A venue with open-air decks and fireplaces for a cozy wedding setting.
Meadows at Mossy Creek,"Cleveland, GA",$$$$,251-300 Guests,5,39,A stylish and contemporary venue for wedding celebrations.
Hawkesdene,"Andrews, NC",$$$,101-150 Guests,5,58,A private mountain estate offering a unique wedding experience.
The Dogwood Barn at G5Ranch,"Milledgeville, GA",$$$,300+ Guests,5,16,A premier wedding venue ideal for rustic romantic events.
Tryphena's Garden,"Fort Valley, GA",$$,151-200 Guests,4.9,18,A fairytale-like venue near Atlanta and Macon.
Splendor Mountain,"Tiger, GA",$$,51-100 Guests,4.7,27,An intimate wedding venue nestled in the Blue Ridge Mountains.
Skull Shoals Park,"Washington, GA",$$,300+ Guests,0,0,An outdoor venue with numerous options for weddings.
Windsong Willows,"Hayesville, NC",$$,101-150 Guests,5,3,"Nestled in the valley of the Blue Ridge Mountains, Windsong Willows is a charming new wedding venue in Hayesville, NC that is designed for couples seeking an authentic nature-based wedding experience."
Tiger Mountain Vineyards,"Tiger, GA",$$$,101-150 Guests,5,1,"Nestled in the Blue Ridge Mountains, Tiger Mountain Vineyards offers a charming and intimate setting for your outdoor wedding. As a boutique winery in Tiger, GA, we provide a romantic vineyard backdrop."
Cloudland at McLemore Resort,"Rising Fawn, GA",$$$,251-300 Guests,4.2,6,"Your Dream Wedding, Above the Clouds At 2,300 feet above sea level, Cloudland at McLemore Resort on Lookout Mountain is a magical escape, offering breathtaking views in every direction."
Forest Hill Park,"Perry, GA",$$,51-100 Guests,4.9,21,"Have a beautiful ceremony in a picturesque 1920's white wedding chapel, get dressed in our red train car with your wedding party, have your guest enter though a covered bridge, have beautiful pictures."
Kingsland Farm,"Hawkinsville, GA",$$,151-200 Guests,5,1,"Kingsland Farm is a picturesque and reclusive wedding venue in Hawkinsville, GA, surrounded by calm rural beauty. Nestled in the heart of the countryside, our rustic wedding venue offers a perfect blend."
The Icehouse Dublin,"Dublin, GA",$$,300+ Guests,,,"The Icehouse Dublin in Dublin, GA, is a unique wedding venue. This spot is a beautifully restored, historic warehouse that blends a warm Southern style and grace with an urban and modern flair."
The Partridge Inn,"Augusta, GA",$$$,101-150 Guests,3.7,3,"The Partridge Inn is a wedding venue located in Augusta, GA. Having initially opened over a century ago, the hotel provides an elegant, timelessly beautiful setting for milestone celebrations."
Padgett's Farm,"Waynesboro, GA",$$,251-300 Guests,5,1,"Padgett's Farm is a gem of a wedding venue nestled on 610 acres of breathtaking nature in Waynesboro, GA, 30 minutes south of Augusta, GA. If you're looking for a gorgeous setting for your country wedding."
Augusta Marriott Hotel & Suites,"Augusta, GA",$$,300+ Guests,4.3,6,"Augusta Marriott at the Convention Center is a hotel and wedding venue nestled on the Savannah River waterfront in Augusta, Georgia. Meticulously redesigned with the guest experience in mind, this professional."
Quinney Oaks Plantation,"Millen, GA",$$,300+ Guests,4.8,18,"In Millen, GA, Quinney Oaks Plantation is a wedding venue that can make every occasion feel special. From Wedding ceremonies, receptions, and rehearsal dinners to special luncheons and parties of any."
